{
	"health" : 97.699081420898438,
	"level" : 6,
	"x" : 0.48586714267730713,
	"y" : 1.4056247472763062
}